holiday_date,holiday_name
2020-01-01,Tết Dương lịch
2020-04-30,Ngày Giải phóng miền Nam
2020-05-01,Quốc tế Lao động
2020-09-02,Quốc khánh
2021-01-01,Tết Dương lịch
2021-04-30,Ngày Giải phóng miền Nam
2021-05-01,Quốc tế Lao động
2021-09-02,Quốc khánh
2022-01-01,Tết Dương lịch
2022-04-30,Ngày Giải phóng miền Nam
2022-05-01,Quốc tế Lao động
2022-09-02,Quốc khánh
2023-01-01,Tết Dương lịch
2023-04-30,Ngày Giải phóng miền Nam
2023-05-01,Quốc tế Lao động
2023-09-02,Quốc khánh
2024-01-01,Tết Dương lịch
2024-04-30,Ngày Giải phóng miền Nam
2024-05-01,Quốc tế Lao động
2024-09-02,Quốc khánh
2025-01-01,Tết Dương lịch
2025-04-30,Ngày Giải phóng miền Nam
2025-05-01,Quốc tế Lao động
2025-09-02,Quốc khánh
2026-01-01,Tết Dương lịch
2026-04-30,Ngày Giải phóng miền Nam
2026-05-01,Quốc tế Lao động
2026-09-02,Quốc khánh
2027-01-01,Tết Dương lịch
2027-04-30,Ngày Giải phóng miền Nam
2027-05-01,Quốc tế Lao động
2027-09-02,Quốc khánh
2028-01-01,Tết Dương lịch
2028-04-30,Ngày Giải phóng miền Nam
2028-05-01,Quốc tế Lao động
2028-09-02,Quốc khánh
2029-01-01,Tết Dương lịch
2029-04-30,Ngày Giải phóng miền Nam
2029-05-01,Quốc tế Lao động
2029-09-02,Quốc khánh
2030-01-01,Tết Dương lịch
2030-04-30,Ngày Giải phóng miền Nam
2030-05-01,Quốc tế Lao động
2030-09-02,Quốc khánh
2024-04-18,Giỗ Tổ Hùng Vương
2025-04-07,Giỗ Tổ Hùng Vương
2026-04-26,Giỗ Tổ Hùng Vương
2024-02-08,Tết Nguyên Đán
2024-02-09,Tết Nguyên Đán
2024-02-10,Tết Nguyên Đán
2024-02-11,Tết Nguyên Đán
2024-02-12,Tết Nguyên Đán
2024-02-13,Tết Nguyên Đán
2024-02-14,Tết Nguyên Đán
2025-01-25,Tết Nguyên Đán
2025-01-26,Tết Nguyên Đán
2025-01-27,Tết Nguyên Đán
2025-01-28,Tết Nguyên Đán
2025-01-29,Tết Nguyên Đán
2025-01-30,Tết Nguyên Đán
2025-01-31,Tết Nguyên Đán
2025-02-01,Tết Nguyên Đán
2025-02-02,Tết Nguyên Đán
2026-02-14,Tết Nguyên Đán
2026-02-15,Tết Nguyên Đán
2026-02-16,Tết Nguyên Đán
2026-02-17,Tết Nguyên Đán
2026-02-18,Tết Nguyên Đán
2026-02-19,Tết Nguyên Đán
2026-02-20,Tết Nguyên Đán
2026-02-21,Tết Nguyên Đán
2026-02-22,Tết Nguyên Đán
